operação,PptxGenJS,PowerPoint COM,Canva CLI/REST,Canva Apps SDK,Canva MCP,Google Slides API
criar apresentação,SIM | new PptxGenJS | https://gitbrent.github.io/PptxGenJS/docs/usage/ | 2026-10-08 | VERIFICADO,SIM | Presentations.Add | https://learn.microsoft.com/en-us/office/vba/api/powerpoint.presentation | 2026-10-08 | DOCUMENTADO; NAO_TESTADO,SIM | canva api designs create / POST designs | https://www.canva.dev/docs/apps/rest-apis/reference/designs/create-design/ | 2026-10-08 | DOCUMENTADO; NAO_TESTADO,PARCIAL | openDesign: tipos e contextos suportados; dentro de app | https://www.canva.dev/docs/apps/design-editing/ | 2026-10-08 | DOCUMENTADO; NAO_TESTADO,SIM | create-design / generate-design | https://www.canva.dev/docs/apps/mcp/tools/ | 2026-10-08 | DOCUMENTADO; NAO_TESTADO,SIM | presentations.create | https://developers.google.com/workspace/slides/api/reference/rest/v1/presentations/create | 2026-10-08 | DOCUMENTADO; NAO_TESTADO
adicionar slide,SIM | addSlide | https://gitbrent.github.io/PptxGenJS/docs/usage/ | 2026-10-08 | VERIFICADO,SIM | Slides.Add | https://learn.microsoft.com/en-us/office/vba/api/powerpoint.shapes | 2026-10-08 | DOCUMENTADO; NAO_TESTADO,NÃO CONFIRMADO | operação por elemento não demonstrada | https://www.canva.dev/docs/apps/canva-cli/making-rest-api-requests/ | 2026-10-08 | DOCUMENTADO; NAO_TESTADO,PARCIAL | openDesign: tipos e contextos suportados; dentro de app | https://www.canva.dev/docs/apps/design-editing/ | 2026-10-08 | DOCUMENTADO; NAO_TESTADO,NÃO CONFIRMADO | catálogo não demonstra edição elementar irrestrita | https://www.canva.dev/docs/apps/mcp/tools/ | 2026-10-08 | DOCUMENTADO; NAO_TESTADO,SIM | createSlide | https://developers.google.com/workspace/slides/api/reference/rest/v1/presentations/request | 2026-10-08 | DOCUMENTADO; NAO_TESTADO
remover slide,NÃO | não há importação/edição pública; refazer IR | https://gitbrent.github.io/PptxGenJS/docs/usage/ | 2026-10-08 | DOCUMENTADO; NAO_TESTADO,SIM | Slide.Delete | https://learn.microsoft.com/en-us/office/vba/api/powerpoint.slide.delete | 2026-10-08 | DOCUMENTADO; NAO_TESTADO,NÃO CONFIRMADO | operação por elemento não demonstrada | https://www.canva.dev/docs/apps/canva-cli/making-rest-api-requests/ | 2026-10-08 | DOCUMENTADO; NAO_TESTADO,PARCIAL | openDesign: tipos e contextos suportados; dentro de app | https://www.canva.dev/docs/apps/design-editing/ | 2026-10-08 | DOCUMENTADO; NAO_TESTADO,NÃO CONFIRMADO | catálogo não demonstra edição elementar irrestrita | https://www.canva.dev/docs/apps/mcp/tools/ | 2026-10-08 | DOCUMENTADO; NAO_TESTADO,SIM | deleteObject | https://developers.google.com/workspace/slides/api/reference/rest/v1/presentations/request | 2026-10-08 | DOCUMENTADO; NAO_TESTADO
adicionar texto,SIM | addText | https://gitbrent.github.io/PptxGenJS/docs/api-text/ | 2026-10-08 | VERIFICADO,SIM | Shapes.AddTextbox | https://learn.microsoft.com/en-us/office/vba/api/powerpoint.shapes | 2026-10-08 | DOCUMENTADO; NAO_TESTADO,NÃO CONFIRMADO | operação por elemento não demonstrada | https://www.canva.dev/docs/apps/canva-cli/making-rest-api-requests/ | 2026-10-08 | DOCUMENTADO; NAO_TESTADO,PARCIAL | openDesign: tipos e contextos suportados; dentro de app | https://www.canva.dev/docs/apps/design-editing/ | 2026-10-08 | DOCUMENTADO; NAO_TESTADO,NÃO CONFIRMADO | catálogo não demonstra edição elementar irrestrita | https://www.canva.dev/docs/apps/mcp/tools/ | 2026-10-08 | DOCUMENTADO; NAO_TESTADO,SIM | createShape TEXT_BOX + insertText | https://developers.google.com/workspace/slides/api/reference/rest/v1/presentations/request | 2026-10-08 | DOCUMENTADO; NAO_TESTADO
remover texto,NÃO | não há importação/edição pública; refazer IR | https://gitbrent.github.io/PptxGenJS/docs/usage/ | 2026-10-08 | DOCUMENTADO; NAO_TESTADO,SIM | TextRange.Delete/Shape.Delete | https://learn.microsoft.com/en-us/office/vba/api/powerpoint.shape | 2026-10-08 | DOCUMENTADO; NAO_TESTADO,NÃO CONFIRMADO | operação por elemento não demonstrada | https://www.canva.dev/docs/apps/canva-cli/making-rest-api-requests/ | 2026-10-08 | DOCUMENTADO; NAO_TESTADO,PARCIAL | openDesign: tipos e contextos suportados; dentro de app | https://www.canva.dev/docs/apps/design-editing/ | 2026-10-08 | DOCUMENTADO; NAO_TESTADO,NÃO CONFIRMADO | catálogo não demonstra edição elementar irrestrita | https://www.canva.dev/docs/apps/mcp/tools/ | 2026-10-08 | DOCUMENTADO; NAO_TESTADO,SIM | deleteText/deleteObject | https://developers.google.com/workspace/slides/api/reference/rest/v1/presentations/request | 2026-10-08 | DOCUMENTADO; NAO_TESTADO
adicionar forma,SIM | addShape | https://gitbrent.github.io/PptxGenJS/docs/api-shapes/ | 2026-10-08 | VERIFICADO,SIM | Shapes.AddShape | https://learn.microsoft.com/en-us/office/vba/api/powerpoint.shapes | 2026-10-08 | DOCUMENTADO; NAO_TESTADO,NÃO CONFIRMADO | operação por elemento não demonstrada | https://www.canva.dev/docs/apps/canva-cli/making-rest-api-requests/ | 2026-10-08 | DOCUMENTADO; NAO_TESTADO,PARCIAL | openDesign: tipos e contextos suportados; dentro de app | https://www.canva.dev/docs/apps/design-editing/ | 2026-10-08 | DOCUMENTADO; NAO_TESTADO,NÃO CONFIRMADO | catálogo não demonstra edição elementar irrestrita | https://www.canva.dev/docs/apps/mcp/tools/ | 2026-10-08 | DOCUMENTADO; NAO_TESTADO,SIM | createShape | https://developers.google.com/workspace/slides/api/reference/rest/v1/presentations/request | 2026-10-08 | DOCUMENTADO; NAO_TESTADO
remover forma,NÃO | não há importação/edição pública; refazer IR | https://gitbrent.github.io/PptxGenJS/docs/usage/ | 2026-10-08 | DOCUMENTADO; NAO_TESTADO,SIM | Shape.Delete | https://learn.microsoft.com/en-us/office/vba/api/powerpoint.shape | 2026-10-08 | DOCUMENTADO; NAO_TESTADO,NÃO CONFIRMADO | operação por elemento não demonstrada | https://www.canva.dev/docs/apps/canva-cli/making-rest-api-requests/ | 2026-10-08 | DOCUMENTADO; NAO_TESTADO,PARCIAL | openDesign: tipos e contextos suportados; dentro de app | https://www.canva.dev/docs/apps/design-editing/ | 2026-10-08 | DOCUMENTADO; NAO_TESTADO,NÃO CONFIRMADO | catálogo não demonstra edição elementar irrestrita | https://www.canva.dev/docs/apps/mcp/tools/ | 2026-10-08 | DOCUMENTADO; NAO_TESTADO,SIM | deleteObject | https://developers.google.com/workspace/slides/api/reference/rest/v1/presentations/request | 2026-10-08 | DOCUMENTADO; NAO_TESTADO
inserir imagem,SIM | addImage | https://gitbrent.github.io/PptxGenJS/docs/api-images/ | 2026-10-08 | VERIFICADO,SIM | Shapes.AddPicture | https://learn.microsoft.com/en-us/office/vba/api/powerpoint.shapes | 2026-10-08 | DOCUMENTADO; NAO_TESTADO,NÃO CONFIRMADO | operação por elemento não demonstrada | https://www.canva.dev/docs/apps/canva-cli/making-rest-api-requests/ | 2026-10-08 | DOCUMENTADO; NAO_TESTADO,PARCIAL | openDesign: tipos e contextos suportados; dentro de app | https://www.canva.dev/docs/apps/design-editing/ | 2026-10-08 | DOCUMENTADO; NAO_TESTADO,NÃO CONFIRMADO | catálogo não demonstra edição elementar irrestrita | https://www.canva.dev/docs/apps/mcp/tools/ | 2026-10-08 | DOCUMENTADO; NAO_TESTADO,SIM | createImage (URL acessível) | https://developers.google.com/workspace/slides/api/reference/rest/v1/presentations/request | 2026-10-08 | DOCUMENTADO; NAO_TESTADO
mover,SIM | x/y ao gerar | https://gitbrent.github.io/PptxGenJS/docs/usage/ | 2026-10-08 | VERIFICADO,SIM | Shape.Left/Top | https://learn.microsoft.com/en-us/office/vba/api/powerpoint.shape | 2026-10-08 | DOCUMENTADO; NAO_TESTADO,NÃO CONFIRMADO | operação por elemento não demonstrada | https://www.canva.dev/docs/apps/canva-cli/making-rest-api-requests/ | 2026-10-08 | DOCUMENTADO; NAO_TESTADO,PARCIAL | openDesign: tipos e contextos suportados; dentro de app | https://www.canva.dev/docs/apps/design-editing/ | 2026-10-08 | DOCUMENTADO; NAO_TESTADO,NÃO CONFIRMADO | catálogo não demonstra edição elementar irrestrita | https://www.canva.dev/docs/apps/mcp/tools/ | 2026-10-08 | DOCUMENTADO; NAO_TESTADO,SIM | updatePageElementTransform | https://developers.google.com/workspace/slides/api/reference/rest/v1/presentations/request | 2026-10-08 | DOCUMENTADO; NAO_TESTADO
redimensionar,SIM | w/h ao gerar | https://gitbrent.github.io/PptxGenJS/docs/usage/ | 2026-10-08 | VERIFICADO,SIM | Shape.Width/Height | https://learn.microsoft.com/en-us/office/vba/api/powerpoint.shape | 2026-10-08 | DOCUMENTADO; NAO_TESTADO,NÃO CONFIRMADO | operação por elemento não demonstrada | https://www.canva.dev/docs/apps/canva-cli/making-rest-api-requests/ | 2026-10-08 | DOCUMENTADO; NAO_TESTADO,PARCIAL | openDesign: tipos e contextos suportados; dentro de app | https://www.canva.dev/docs/apps/design-editing/ | 2026-10-08 | DOCUMENTADO; NAO_TESTADO,NÃO CONFIRMADO | catálogo não demonstra edição elementar irrestrita | https://www.canva.dev/docs/apps/mcp/tools/ | 2026-10-08 | DOCUMENTADO; NAO_TESTADO,SIM | updatePageElementTransform | https://developers.google.com/workspace/slides/api/reference/rest/v1/presentations/request | 2026-10-08 | DOCUMENTADO; NAO_TESTADO
trocar cor,SIM | color/fill ao gerar | https://gitbrent.github.io/PptxGenJS/docs/usage/ | 2026-10-08 | VERIFICADO,SIM | Shape.Fill/Font.Color | https://learn.microsoft.com/en-us/office/vba/api/powerpoint.shape | 2026-10-08 | DOCUMENTADO; NAO_TESTADO,NÃO CONFIRMADO | operação por elemento não demonstrada | https://www.canva.dev/docs/apps/canva-cli/making-rest-api-requests/ | 2026-10-08 | DOCUMENTADO; NAO_TESTADO,PARCIAL | openDesign: tipos e contextos suportados; dentro de app | https://www.canva.dev/docs/apps/design-editing/ | 2026-10-08 | DOCUMENTADO; NAO_TESTADO,NÃO CONFIRMADO | catálogo não demonstra edição elementar irrestrita | https://www.canva.dev/docs/apps/mcp/tools/ | 2026-10-08 | DOCUMENTADO; NAO_TESTADO,SIM | updateShapeProperties/updateTextStyle | https://developers.google.com/workspace/slides/api/reference/rest/v1/presentations/request | 2026-10-08 | DOCUMENTADO; NAO_TESTADO
alinhar,SIM | x/y calculados pela IR | https://gitbrent.github.io/PptxGenJS/docs/usage/ | 2026-10-08 | VERIFICADO,SIM | ShapeRange.Align | https://learn.microsoft.com/en-us/office/vba/api/powerpoint.shaperange.align | 2026-10-08 | DOCUMENTADO; NAO_TESTADO,NÃO CONFIRMADO | operação por elemento não demonstrada | https://www.canva.dev/docs/apps/canva-cli/making-rest-api-requests/ | 2026-10-08 | DOCUMENTADO; NAO_TESTADO,PARCIAL | openDesign: tipos e contextos suportados; dentro de app | https://www.canva.dev/docs/apps/design-editing/ | 2026-10-08 | DOCUMENTADO; NAO_TESTADO,NÃO CONFIRMADO | catálogo não demonstra edição elementar irrestrita | https://www.canva.dev/docs/apps/mcp/tools/ | 2026-10-08 | DOCUMENTADO; NAO_TESTADO,PARCIAL | transform calculada | https://developers.google.com/workspace/slides/api/reference/rest/v1/presentations/request | 2026-10-08 | DOCUMENTADO; NAO_TESTADO
agrupar,NÃO | não há importação/edição pública; refazer IR | https://gitbrent.github.io/PptxGenJS/docs/usage/ | 2026-10-08 | DOCUMENTADO; NAO_TESTADO,SIM | ShapeRange.Group | https://learn.microsoft.com/en-us/office/vba/api/powerpoint.shaperange.group | 2026-10-08 | DOCUMENTADO; NAO_TESTADO,NÃO CONFIRMADO | operação por elemento não demonstrada | https://www.canva.dev/docs/apps/canva-cli/making-rest-api-requests/ | 2026-10-08 | DOCUMENTADO; NAO_TESTADO,SIM | session.helpers.group/ungroup | https://www.canva.dev/docs/apps/design-editing/ | 2026-10-08 | DOCUMENTADO; NAO_TESTADO,NÃO CONFIRMADO | catálogo não demonstra edição elementar irrestrita | https://www.canva.dev/docs/apps/mcp/tools/ | 2026-10-08 | DOCUMENTADO; NAO_TESTADO,SIM | groupObjects | https://developers.google.com/workspace/slides/api/reference/rest/v1/presentations/request | 2026-10-08 | DOCUMENTADO; NAO_TESTADO
camadas,SIM | sequência add* | https://gitbrent.github.io/PptxGenJS/docs/usage/ | 2026-10-08 | VERIFICADO,SIM | Shape.ZOrder | https://learn.microsoft.com/en-us/office/vba/api/powerpoint.shape.zorder | 2026-10-08 | DOCUMENTADO; NAO_TESTADO,NÃO CONFIRMADO | operação por elemento não demonstrada | https://www.canva.dev/docs/apps/canva-cli/making-rest-api-requests/ | 2026-10-08 | DOCUMENTADO; NAO_TESTADO,PARCIAL | openDesign: tipos e contextos suportados; dentro de app | https://www.canva.dev/docs/apps/design-editing/ | 2026-10-08 | DOCUMENTADO; NAO_TESTADO,NÃO CONFIRMADO | catálogo não demonstra edição elementar irrestrita | https://www.canva.dev/docs/apps/mcp/tools/ | 2026-10-08 | DOCUMENTADO; NAO_TESTADO,SIM | updatePageElementsZOrder | https://developers.google.com/workspace/slides/api/reference/rest/v1/presentations/request | 2026-10-08 | DOCUMENTADO; NAO_TESTADO
exportar PPTX,SIM | writeFile | https://gitbrent.github.io/PptxGenJS/docs/usage/ | 2026-10-08 | VERIFICADO,SIM | Presentation.SaveAs | https://learn.microsoft.com/en-us/office/vba/api/powerpoint.presentation.saveas | 2026-10-08 | DOCUMENTADO; NAO_TESTADO,SIM | POST exports; format.type=pptx | https://www.canva.dev/docs/apps/rest-apis/reference/exports/create-design-export-job/ | 2026-10-08 | DOCUMENTADO; NAO_TESTADO,PARCIAL | openDesign: tipos e contextos suportados; dentro de app | https://www.canva.dev/docs/apps/design-editing/ | 2026-10-08 | DOCUMENTADO; NAO_TESTADO,PARCIAL | export-design; consultar get-export-formats | https://www.canva.dev/docs/apps/mcp/tools/ | 2026-10-08 | DOCUMENTADO; NAO_TESTADO,PARCIAL | Drive files.export | https://developers.google.com/workspace/drive/api/guides/ref-export-formats | 2026-10-08 | DOCUMENTADO; NAO_TESTADO
editar documento existente,NÃO | não há importação/edição pública; refazer IR | https://gitbrent.github.io/PptxGenJS/docs/usage/ | 2026-10-08 | DOCUMENTADO; NAO_TESTADO,SIM | Presentations.Open | https://learn.microsoft.com/en-us/office/vba/api/powerpoint.presentation | 2026-10-08 | DOCUMENTADO; NAO_TESTADO,NÃO CONFIRMADO | operação por elemento não demonstrada | https://www.canva.dev/docs/apps/canva-cli/making-rest-api-requests/ | 2026-10-08 | DOCUMENTADO; NAO_TESTADO,PARCIAL | openDesign: tipos e contextos suportados; dentro de app | https://www.canva.dev/docs/apps/design-editing/ | 2026-10-08 | DOCUMENTADO; NAO_TESTADO,NÃO CONFIRMADO | catálogo não demonstra edição elementar irrestrita | https://www.canva.dev/docs/apps/mcp/tools/ | 2026-10-08 | DOCUMENTADO; NAO_TESTADO,SIM | presentations.batchUpdate | https://developers.google.com/workspace/slides/api/reference/rest/v1/presentations/request | 2026-10-08 | DOCUMENTADO; NAO_TESTADO
execução offline,SIM | Node local | https://gitbrent.github.io/PptxGenJS/docs/usage/ | 2026-10-08 | VERIFICADO,SIM | PowerPoint desktop instalado | https://learn.microsoft.com/en-us/office/vba/api/powerpoint.presentation | 2026-10-08 | DOCUMENTADO; NAO_TESTADO,NÃO | REST requer serviço | https://www.canva.dev/docs/apps/canva-cli/making-rest-api-requests/ | 2026-10-08 | DOCUMENTADO; NAO_TESTADO,NÃO | contexto Canva conectado | https://www.canva.dev/docs/apps/design-editing/ | 2026-10-08 | DOCUMENTADO; NAO_TESTADO,NÃO | serviço remoto autenticado | https://www.canva.dev/docs/apps/mcp/ | 2026-10-08 | DOCUMENTADO; NAO_TESTADO,NÃO | API exige rede | https://developers.google.com/workspace/slides/api/reference/rest/v1/presentations/request | 2026-10-08 | DOCUMENTADO; NAO_TESTADO
